<?xml version="1.0" encoding="ISO-8859-1"?><?xml-stylesheet type="text/css" href="adempiereDocument.css"?><adempiereDocument>
    <header>HR_S_Saldo_de_Nomina Package Description</header>
    <H1>Package Name:</H1>
    <packagename>HR_S_Saldo_de_Nomina</packagename>
    <H1>Creator:</H1>
    <creator>ysenih@erpya.com</creator>
    <H1>Email Address:</H1>
    <creatorcontact>ysenih@erpya.com</creatorcontact>
    <H1>Created:</H1>
    <createddate>2023-12-15 13:53:36.0</createddate>
    <H1>Updated:</H1>
    <updateddate>2023-12-15 13:53:36.0</updateddate>
    <H1>Description:</H1>
    <description>Exportador_de_formatos_de_importacion_de_nomina</description>
    <H1>Instructions:</H1>
    <instructions>Exportador_de_formatos_de_importacion_de_nomina</instructions>
    <H1>Files in Package:</H1>
    <file>File: PackOut.xml</file>
    <filedirectory>Directory: \dict\</filedirectory>
    <filenotes>Notes: Contains all application/object settings for package</filenotes>
</adempiereDocument>
